lastModified,resourceName
16/4/2012 19:12,vc1.png
16/4/2012 19:12,vc2.png
16/4/2012 19:12,vc3.png
16/4/2012 19:12,vc4.png
16/4/2012 19:12,vc5.png
16/4/2012 19:12,vc6.png
16/4/2012 19:12,vc7.png
16/4/2012 19:12,vc8.png
16/4/2012 19:12,vc9.png
16/4/2012 19:12,vc10.png
16/4/2012 19:12,vc11.png
16/4/2012 19:12,vc12.png
16/4/2012 19:12,vc13.png
16/4/2012 19:12,vc14.png
16/4/2012 19:12,vc15.png
16/4/2012 19:12,Jeff_Clavier_g.png
16/4/2012 19:12,Andy_Sack_g.png
16/4/2012 19:12,Jim_Breyer_g.png
16/4/2012 19:12,Michael_Mortiz_g.png
16/4/2012 19:12,Reid_Hoffman_g.png
16/4/2012 19:12,vcsnap1.png
16/4/2012 19:12,vcsnap2.png
16/4/2012 19:12,vcsnap3.png
16/4/2012 19:12,vcsnap4.png
16/4/2012 19:12,vcsnap5.png
16/4/2012 19:12,vcsnap6.png
16/4/2012 19:12,vcsnap7.png
16/4/2012 19:12,vcsnap8.png
16/4/2012 19:12,vcsnap9.png
16/4/2012 19:12,vcsnap10.png
16/4/2012 19:12,vcsnap11.png
16/4/2012 19:12,vcsnap12.png
16/4/2012 19:12,vcsnap13.png
16/4/2012 19:12,vcsnap14.png
16/4/2012 19:12,vcsnap15.png
16/4/2012 19:12,Jeff_Clavier_p.png
16/4/2012 19:12,Andy_Sack_p.png
16/4/2012 19:12,Jim_Breyer_p.png
16/4/2012 19:12,Michael_Mortiz_p.png
16/4/2012 19:12,Reid_Hoffman_p.png
16/4/2012 19:12,A.wav
16/4/2012 19:12,B.wav
16/4/2012 19:12,C.wav
16/4/2012 19:12,D.wav
16/4/2012 19:12,E.wav
17/4/2012 19:12,sound1.wav
17/4/2012 19:12,sound2.wav
